Date,Customer ID,Location,Category,Product,Quantity,Unit Price,Total Sales,Profit
2024-01-27,CUST0036,Kolkata,Technology,Laptop,1,3733.6,3733.6,369.55
2024-05-09,CUST0056,Bangalore,Technology,Laptop,10,2167.42,21674.2,1212.88
2024-02-26,CUST0140,Delhi,Technology,Laptop,9,1074.3,9668.7,1740.14
2024-03-12,CUST0109,Hyderabad,Office Supplies,Notebook,1,3818.16,3818.16,312.83
2024-06-03,CUST0092,Hyderabad,Furniture,Table,6,600.83,3604.98,454.18
2024-05-21,CUST0097,Chennai,Office Supplies,Paper,8,2727.52,21820.16,5337.72
2024-03-15,CUST0170,Bangalore,Office Supplies,Notebook,10,1042.21,10422.1,666.09
2024-04-04,CUST0094,Bangalore,Furniture,Table,2,1962.62,3925.24,552.21
2024-06-11,CUST0019,Mumbai,Office Supplies,Pen,5,3538.92,17694.6,3303.75
2024-05-22,CUST0164,Kolkata,Furniture,Table,3,2365.08,7095.24,737.83
2024-03-09,CUST0081,Delhi,Furniture,Bookshelf,1,1222.34,1222.34,68.96
2024-04-11,CUST0168,Delhi,Furniture,Table,10,4394.2,43942.0,4962.62
2024-03-08,CUST0144,Mumbai,Technology,Printer,3,1397.91,4193.73,416.54
2024-05-06,CUST0036,Mumbai,Technology,Printer,10,2057.06,20570.6,1930.84
2024-06-01,CUST0175,Delhi,Furniture,Chair,2,848.92,1697.84,139.22
2024-01-03,CUST0065,Mumbai,Furniture,Sofa,7,3019.85,21138.95,3035.76
2024-03-16,CUST0088,Chennai,Technology,Laptop,9,3779.3,34013.7,6929.26
2024-05-08,CUST0185,Hyderabad,Office Supplies,Pen,8,115.9,927.2,180.26
2024-04-05,CUST0051,Bangalore,Furniture,Chair,5,4224.18,21120.9,3200.5
2024-03-02,CUST0093,Hyderabad,Furniture,Chair,10,1688.36,16883.6,909.95
2024-05-16,CUST0125,Chennai,Furniture,Table,10,4740.05,47400.5,3182.03
2024-04-18,CUST0136,Mumbai,Furniture,Table,8,4739.56,37916.48,3148.03
2024-05-12,CUST0096,Delhi,Furniture,Table,5,2055.06,10275.3,1894.12
2024-02-28,CUST0151,Mumbai,Office Supplies,Paper,4,1201.02,4804.08,565.04
2024-01-09,CUST0059,Chennai,Technology,Headphones,1,447.87,447.87,78.92
2024-02-03,CUST0055,Mumbai,Office Supplies,Paper,9,1266.22,11395.98,2094.53
2024-01-25,CUST0049,Chennai,Technology,Printer,4,3944.64,15778.56,3337.16
2024-06-21,CUST0187,Chennai,Technology,Printer,6,2175.54,13053.24,1871.9
2024-02-19,CUST0028,Bangalore,Technology,Laptop,1,2072.84,2072.84,244.31
2024-04-23,CUST0064,Chennai,Furniture,Sofa,3,2167.22,6501.66,687.28
2024-03-01,CUST0004,Chennai,Technology,Laptop,1,3295.51,3295.51,521.08
2024-04-07,CUST0016,Bangalore,Furniture,Sofa,8,2458.66,19669.28,4384.87
2024-06-27,CUST0074,Delhi,Furniture,Sofa,5,4639.94,23199.7,4802.94
2024-05-18,CUST0015,Mumbai,Technology,Printer,3,1030.5,3091.5,289.18
2024-01-15,CUST0136,Bangalore,Furniture,Bookshelf,1,345.7,345.7,50.25
2024-01-31,CUST0061,Delhi,Technology,Laptop,3,435.75,1307.25,83.13
2024-05-29,CUST0108,Kolkata,Technology,Headphones,10,3013.14,30131.4,5239.14
2024-04-11,CUST0062,Hyderabad,Technology,Monitor,5,1100.87,5504.35,1063.65
2024-04-27,CUST0019,Chennai,Furniture,Bookshelf,8,1649.27,13194.16,2643.75
2024-01-18,CUST0034,Hyderabad,Technology,Laptop,2,2734.41,5468.82,826.76
2024-06-05,CUST0181,Hyderabad,Furniture,Bookshelf,5,872.96,4364.8,946.07
2024-01-30,CUST0035,Hyderabad,Technology,Laptop,9,1566.96,14102.64,2576.24
2024-06-24,CUST0088,Bangalore,Furniture,Table,5,1480.61,7403.05,682.01
2024-06-11,CUST0014,Chennai,Technology,Monitor,9,2493.81,22444.29,5186.14
2024-02-11,CUST0164,Hyderabad,Office Supplies,Notebook,1,117.37,117.37,23.97
2024-06-25,CUST0029,Chennai,Technology,Printer,9,3557.77,32019.93,5193.04
2024-03-19,CUST0033,Chennai,Furniture,Chair,6,2954.3,17725.8,1411.31
2024-05-23,CUST0027,Hyderabad,Office Supplies,Paper,6,1129.38,6776.28,676.99
2024-01-07,CUST0046,Delhi,Office Supplies,Pen,4,4336.57,17346.28,4254.02
2024-02-10,CUST0064,Hyderabad,Furniture,Bookshelf,7,4030.95,28216.65,6287.03
2024-04-27,CUST0057,Bangalore,Technology,Laptop,7,4373.62,30615.34,6787.99
2024-03-12,CUST0103,Hyderabad,Office Supplies,Notebook,4,1192.33,4769.32,868.05
2024-01-08,CUST0138,Hyderabad,Furniture,Bookshelf,6,3243.26,19459.56,2528.49
2024-06-01,CUST0010,Chennai,Furniture,Bookshelf,3,2944.89,8834.67,2179.6
2024-05-27,CUST0030,Delhi,Office Supplies,Notebook,6,2238.33,13429.98,3315.15
2024-06-20,CUST0138,Kolkata,Furniture,Bookshelf,1,3573.05,3573.05,179.86
2024-03-21,CUST0085,Mumbai,Furniture,Bookshelf,7,442.87,3100.09,566.84
2024-06-27,CUST0084,Delhi,Technology,Laptop,5,2584.9,12924.5,2370.08
2024-02-14,CUST0174,Kolkata,Office Supplies,Pen,4,2160.19,8640.76,2057.13
2024-04-20,CUST0074,Bangalore,Technology,Monitor,7,2784.89,19494.23,976.29
2024-02-13,CUST0131,Delhi,Technology,Monitor,8,2264.75,18118.0,3354.1
2024-03-01,CUST0086,Chennai,Technology,Laptop,5,2625.71,13128.55,2318.35
2024-05-01,CUST0012,Bangalore,Technology,Monitor,4,4052.16,16208.64,1288.11
2024-06-27,CUST0050,Kolkata,Technology,Laptop,8,2130.76,17046.08,2999.31
2024-04-18,CUST0002,Chennai,Office Supplies,Stapler,7,1295.52,9068.64,1643.34
2024-02-04,CUST0032,Delhi,Furniture,Table,9,2376.29,21386.61,3453.53
2024-05-20,CUST0130,Delhi,Office Supplies,Notebook,8,3102.0,24816.0,4810.7
2024-05-13,CUST0164,Hyderabad,Office Supplies,Pen,8,2305.34,18442.72,3695.1
2024-03-26,CUST0061,Hyderabad,Office Supplies,Pen,5,2255.38,11276.9,2173.16
2024-02-24,CUST0040,Kolkata,Office Supplies,Paper,3,839.07,2517.21,318.7
2024-04-17,CUST0016,Bangalore,Furniture,Sofa,7,1721.32,12049.24,1725.27
2024-04-09,CUST0091,Hyderabad,Office Supplies,Paper,10,1963.87,19638.7,1005.09
2024-03-27,CUST0008,Delhi,Office Supplies,Pen,8,1175.17,9401.36,1289.56
2024-01-07,CUST0160,Mumbai,Technology,Printer,3,4218.48,12655.44,2960.21
2024-01-13,CUST0119,Bangalore,Office Supplies,Paper,2,3249.47,6498.94,501.33
2024-03-12,CUST0195,Delhi,Office Supplies,Stapler,6,1137.14,6822.84,787.15
2024-02-27,CUST0014,Hyderabad,Office Supplies,Notebook,2,2404.5,4809.0,960.86
2024-06-08,CUST0052,Chennai,Technology,Laptop,1,3795.74,3795.74,910.68
2024-06-28,CUST0056,Delhi,Furniture,Table,3,2420.45,7261.35,529.19
2024-02-11,CUST0184,Chennai,Office Supplies,Notebook,3,3068.87,9206.61,2234.88
2024-04-11,CUST0174,Delhi,Office Supplies,Paper,10,225.82,2258.2,253.8
2024-06-27,CUST0063,Chennai,Technology,Headphones,2,3001.28,6002.56,1297.24
2024-04-04,CUST0110,Kolkata,Office Supplies,Paper,10,3934.91,39349.1,4699.89
2024-04-02,CUST0028,Delhi,Furniture,Bookshelf,1,4262.92,4262.92,914.25
2024-06-06,CUST0167,Hyderabad,Technology,Printer,3,2233.89,6701.67,1318.61
2024-03-03,CUST0069,Hyderabad,Technology,Printer,8,2234.32,17874.56,3507.08
2024-04-07,CUST0157,Kolkata,Furniture,Bookshelf,8,1294.93,10359.44,1480.8
2024-03-07,CUST0055,Hyderabad,Office Supplies,Paper,8,4269.67,34157.36,2950.1
2024-02-18,CUST0003,Mumbai,Office Supplies,Notebook,10,3535.8,35358.0,3721.56
2024-06-14,CUST0177,Delhi,Furniture,Table,7,2494.03,17458.21,3520.15
2024-06-26,CUST0057,Delhi,Technology,Printer,8,3985.37,31882.96,2187.51
2024-05-20,CUST0089,Delhi,Furniture,Bookshelf,10,1908.2,19082.0,3066.37
2024-02-19,CUST0031,Kolkata,Office Supplies,Notebook,8,1427.49,11419.92,1145.2
2024-05-03,CUST0050,Bangalore,Office Supplies,Paper,9,4759.3,42833.7,8054.14
2024-03-18,CUST0093,Bangalore,Office Supplies,Notebook,2,4179.88,8359.76,913.3
2024-02-02,CUST0075,Kolkata,Furniture,Table,5,323.03,1615.15,98.37
2024-04-22,CUST0121,Delhi,Technology,Printer,2,4376.33,8752.66,1442.55
2024-04-12,CUST0030,Chennai,Office Supplies,Pen,1,1337.14,1337.14,297.31
2024-03-18,CUST0039,Mumbai,Office Supplies,Paper,10,3184.28,31842.8,1933.55
2024-02-27,CUST0153,Mumbai,Furniture,Table,2,2834.56,5669.12,755.32
2024-03-19,CUST0151,Delhi,Technology,Printer,8,4551.67,36413.36,3986.19
2024-06-09,CUST0196,Bangalore,Technology,Laptop,10,4804.53,48045.3,3355.81
2024-01-01,CUST0020,Bangalore,Furniture,Bookshelf,2,869.58,1739.16,147.42
2024-03-13,CUST0074,Kolkata,Office Supplies,Stapler,10,2402.57,24025.7,1358.12
2024-06-18,CUST0161,Mumbai,Technology,Printer,2,3468.19,6936.38,1628.54
2024-01-19,CUST0069,Bangalore,Furniture,Sofa,2,2768.36,5536.72,993.99
2024-02-01,CUST0074,Delhi,Furniture,Table,5,3015.72,15078.6,3239.61
2024-01-21,CUST0127,Delhi,Office Supplies,Notebook,7,4719.11,33033.77,4958.19
2024-02-28,CUST0007,Chennai,Technology,Laptop,7,3699.22,25894.54,4421.3
2024-05-12,CUST0045,Delhi,Technology,Laptop,5,2923.61,14618.05,2961.94
2024-01-24,CUST0163,Delhi,Technology,Printer,5,989.3,4946.5,826.39
2024-04-15,CUST0042,Hyderabad,Office Supplies,Notebook,7,1733.21,12132.47,2232.7
2024-01-10,CUST0195,Mumbai,Technology,Printer,5,3346.66,16733.3,2176.84
2024-05-11,CUST0198,Delhi,Office Supplies,Paper,6,1336.75,8020.5,586.97
2024-06-09,CUST0160,Delhi,Furniture,Sofa,7,365.6,2559.2,393.32
2024-06-27,CUST0074,Delhi,Office Supplies,Paper,4,1408.58,5634.32,429.35
2024-02-10,CUST0062,Kolkata,Office Supplies,Paper,1,4868.42,4868.42,836.27
2024-01-31,CUST0030,Delhi,Office Supplies,Paper,9,2099.15,18892.35,1793.64
2024-04-16,CUST0181,Hyderabad,Technology,Headphones,8,4670.0,37360.0,4048.79
2024-05-10,CUST0049,Mumbai,Office Supplies,Stapler,4,2338.25,9353.0,738.22
2024-05-09,CUST0107,Hyderabad,Technology,Headphones,2,1453.61,2907.22,604.71
2024-05-05,CUST0149,Kolkata,Office Supplies,Paper,5,3657.65,18288.25,3977.61
2024-04-06,CUST0196,Mumbai,Furniture,Sofa,9,2473.27,22259.43,2592.96
2024-04-15,CUST0099,Bangalore,Office Supplies,Notebook,4,4905.8,19623.2,1918.39
2024-06-15,CUST0099,Kolkata,Furniture,Bookshelf,8,3555.62,28444.96,6038.35
2024-04-22,CUST0085,Chennai,Furniture,Sofa,1,718.61,718.61,174.67
2024-01-20,CUST0168,Bangalore,Furniture,Sofa,1,3639.97,3639.97,480.46
2024-06-21,CUST0021,Hyderabad,Office Supplies,Notebook,6,3153.97,18923.82,2450.57
2024-01-10,CUST0125,Mumbai,Technology,Printer,6,3171.32,19027.92,4328.62
2024-01-24,CUST0059,Kolkata,Technology,Laptop,4,3192.69,12770.76,2990.73
2024-03-24,CUST0008,Chennai,Office Supplies,Paper,2,2274.02,4548.04,858.67
2024-05-24,CUST0136,Delhi,Furniture,Bookshelf,6,1936.72,11620.32,919.33
2024-06-23,CUST0098,Mumbai,Technology,Headphones,3,957.84,2873.52,493.95
2024-03-06,CUST0066,Delhi,Furniture,Sofa,10,801.28,8012.8,1139.66
2024-04-23,CUST0041,Chennai,Technology,Laptop,8,4515.93,36127.44,6702.44
2024-04-08,CUST0078,Bangalore,Office Supplies,Notebook,7,3482.54,24377.78,3446.22
2024-03-16,CUST0076,Kolkata,Office Supplies,Paper,4,1968.69,7874.76,959.08
2024-01-13,CUST0200,Kolkata,Furniture,Sofa,5,139.68,698.4,155.75
2024-06-11,CUST0091,Bangalore,Technology,Printer,5,3901.13,19505.65,1873.0
2024-03-20,CUST0166,Chennai,Furniture,Bookshelf,3,3178.42,9535.26,2199.6
2024-04-16,CUST0076,Hyderabad,Office Supplies,Paper,10,1887.82,18878.2,1440.07
2024-05-08,CUST0094,Mumbai,Furniture,Table,3,3953.91,11861.73,2672.35
2024-03-27,CUST0076,Kolkata,Office Supplies,Pen,5,4578.84,22894.2,5467.99
2024-06-21,CUST0174,Kolkata,Furniture,Sofa,2,789.71,1579.42,384.27
2024-04-26,CUST0138,Chennai,Office Supplies,Notebook,2,3974.34,7948.68,419.56
2024-06-21,CUST0096,Chennai,Office Supplies,Notebook,10,1967.02,19670.2,3495.59
2024-02-26,CUST0084,Mumbai,Furniture,Sofa,1,3135.78,3135.78,748.3
2024-02-05,CUST0105,Chennai,Technology,Laptop,8,4556.0,36448.0,4025.25
2024-02-04,CUST0061,Mumbai,Furniture,Chair,5,4980.04,24900.2,1823.29
2024-05-30,CUST0139,Delhi,Office Supplies,Stapler,6,3385.38,20312.28,4034.59
2024-03-12,CUST0158,Delhi,Technology,Headphones,7,3309.12,23163.84,5020.5
2024-06-24,CUST0093,Chennai,Furniture,Bookshelf,4,2272.58,9090.32,2182.69
2024-01-24,CUST0032,Delhi,Office Supplies,Notebook,1,2050.88,2050.88,180.4
2024-02-02,CUST0086,Bangalore,Technology,Headphones,10,4858.36,48583.6,2920.64
2024-02-29,CUST0151,Bangalore,Technology,Headphones,2,4166.11,8332.22,1340.17
2024-05-18,CUST0038,Bangalore,Office Supplies,Pen,10,113.89,1138.9,252.47
2024-03-01,CUST0004,Hyderabad,Office Supplies,Pen,2,3339.18,6678.36,368.35
2024-05-14,CUST0190,Delhi,Technology,Monitor,1,953.81,953.81,57.69
2024-04-25,CUST0152,Chennai,Furniture,Chair,8,2296.55,18372.4,2248.92
2024-03-18,CUST0169,Mumbai,Technology,Headphones,10,312.49,3124.9,645.75
2024-01-28,CUST0110,Kolkata,Office Supplies,Paper,1,4993.08,4993.08,1095.78
2024-02-02,CUST0038,Chennai,Office Supplies,Stapler,2,4506.41,9012.82,1031.27
2024-06-03,CUST0117,Mumbai,Office Supplies,Notebook,7,4973.68,34815.76,5435.14
2024-02-25,CUST0197,Mumbai,Office Supplies,Paper,2,4278.68,8557.36,1541.89
2024-01-25,CUST0103,Delhi,Office Supplies,Stapler,4,2127.69,8510.76,1833.93
2024-05-01,CUST0040,Kolkata,Office Supplies,Stapler,6,3359.03,20154.18,2516.46
2024-02-03,CUST0190,Hyderabad,Furniture,Chair,2,556.83,1113.66,77.19
2024-04-15,CUST0172,Chennai,Technology,Laptop,10,4787.46,47874.6,7771.8
2024-05-27,CUST0091,Chennai,Office Supplies,Stapler,1,4845.15,4845.15,824.07
2024-05-22,CUST0028,Hyderabad,Technology,Headphones,3,3318.01,9954.03,944.13
2024-06-06,CUST0144,Mumbai,Office Supplies,Paper,5,2913.09,14565.45,3079.78
2024-02-16,CUST0069,Chennai,Technology,Laptop,10,4652.51,46525.1,10044.4
2024-06-17,CUST0037,Mumbai,Office Supplies,Notebook,6,1820.01,10920.06,942.19
2024-05-15,CUST0024,Kolkata,Office Supplies,Paper,3,3730.75,11192.25,2734.96
2024-03-24,CUST0080,Kolkata,Furniture,Sofa,7,2322.86,16260.02,1324.9
2024-01-21,CUST0013,Kolkata,Technology,Laptop,1,862.34,862.34,173.23
2024-05-11,CUST0070,Bangalore,Office Supplies,Stapler,7,2479.74,17358.18,2402.53
2024-05-14,CUST0152,Delhi,Furniture,Bookshelf,7,643.36,4503.52,836.05
2024-02-22,CUST0015,Chennai,Technology,Monitor,1,1180.54,1180.54,291.46
2024-05-07,CUST0031,Chennai,Office Supplies,Pen,3,3844.39,11533.17,1244.31
2024-05-23,CUST0059,Mumbai,Technology,Printer,3,733.01,2199.03,344.18
2024-04-27,CUST0112,Chennai,Technology,Monitor,2,2045.65,4091.3,811.75
2024-03-15,CUST0164,Delhi,Furniture,Bookshelf,10,2203.49,22034.9,2884.03
2024-06-25,CUST0159,Delhi,Furniture,Sofa,1,4834.38,4834.38,407.9
2024-05-14,CUST0151,Delhi,Office Supplies,Paper,7,4237.97,29665.79,2926.92
2024-01-20,CUST0200,Bangalore,Furniture,Sofa,5,3754.44,18772.2,1770.49
2024-06-14,CUST0090,Hyderabad,Technology,Laptop,9,2598.77,23388.93,5407.16
2024-06-16,CUST0155,Bangalore,Furniture,Table,2,817.58,1635.16,146.27
2024-06-23,CUST0149,Delhi,Furniture,Table,8,2373.37,18986.96,3090.07
2024-03-18,CUST0114,Kolkata,Technology,Monitor,6,839.69,5038.14,320.71
2024-01-15,CUST0116,Chennai,Office Supplies,Paper,6,2585.95,15515.7,1739.02
2024-06-01,CUST0024,Mumbai,Office Supplies,Notebook,2,3258.87,6517.74,1599.93
2024-04-25,CUST0190,Chennai,Technology,Printer,8,2943.61,23548.88,5671.66
2024-01-27,CUST0016,Delhi,Technology,Headphones,6,3064.53,18387.18,2763.11
2024-04-22,CUST0182,Delhi,Office Supplies,Paper,9,3266.02,29394.18,1699.82
2024-06-22,CUST0105,Hyderabad,Technology,Headphones,6,1926.97,11561.82,1232.24
2024-03-13,CUST0174,Delhi,Technology,Laptop,6,422.97,2537.82,174.86
2024-06-16,CUST0090,Hyderabad,Office Supplies,Pen,6,499.36,2996.16,547.47
2024-04-06,CUST0080,Mumbai,Technology,Printer,3,3015.7,9047.1,2149.59
2024-05-14,CUST0190,Kolkata,Technology,Monitor,3,3383.57,10150.71,2190.44
2024-03-28,CUST0047,Bangalore,Furniture,Sofa,9,1872.96,16856.64,2065.27
2024-05-09,CUST0076,Chennai,Office Supplies,Pen,4,4999.89,19999.56,1619.75
2024-02-09,CUST0153,Delhi,Technology,Laptop,6,4394.32,26365.92,4577.29
2024-04-15,CUST0113,Chennai,Furniture,Table,10,4064.31,40643.1,3377.76
2024-05-16,CUST0115,Bangalore,Office Supplies,Pen,8,3091.92,24735.36,4958.9
2024-04-22,CUST0174,Mumbai,Furniture,Bookshelf,8,4529.47,36235.76,3217.85
2024-06-03,CUST0042,Bangalore,Office Supplies,Notebook,7,2564.24,17949.68,2400.45
2024-05-12,CUST0142,Chennai,Furniture,Bookshelf,1,3241.78,3241.78,728.83
2024-04-21,CUST0132,Bangalore,Furniture,Bookshelf,2,3839.27,7678.54,802.85
2024-04-11,CUST0107,Chennai,Furniture,Table,8,4434.69,35477.52,8376.04
2024-03-22,CUST0058,Chennai,Technology,Monitor,4,1992.21,7968.84,528.5
2024-02-05,CUST0121,Kolkata,Furniture,Bookshelf,3,774.24,2322.72,249.4
2024-02-25,CUST0005,Hyderabad,Technology,Printer,8,3115.21,24921.68,5761.18
2024-03-02,CUST0032,Chennai,Furniture,Sofa,2,3903.25,7806.5,761.35
2024-01-05,CUST0153,Mumbai,Office Supplies,Stapler,2,643.2,1286.4,297.2
2024-05-26,CUST0091,Bangalore,Technology,Headphones,3,1527.23,4581.69,230.52
2024-05-09,CUST0135,Mumbai,Office Supplies,Pen,2,2665.07,5330.14,650.92
2024-03-05,CUST0100,Hyderabad,Technology,Laptop,7,4379.32,30655.24,1799.67
2024-06-09,CUST0188,Kolkata,Technology,Laptop,6,3963.75,23782.5,2829.18
2024-06-24,CUST0165,Bangalore,Furniture,Bookshelf,3,317.24,951.72,151.52
2024-01-10,CUST0199,Delhi,Office Supplies,Stapler,3,4076.34,12229.02,765.78
2024-05-11,CUST0081,Hyderabad,Office Supplies,Pen,1,3976.44,3976.44,903.28
2024-01-13,CUST0074,Hyderabad,Office Supplies,Stapler,5,279.44,1397.2,250.63
2024-04-22,CUST0103,Kolkata,Technology,Monitor,5,709.93,3549.65,438.75
2024-01-22,CUST0133,Hyderabad,Office Supplies,Notebook,3,2531.4,7594.2,1135.37
2024-03-16,CUST0047,Mumbai,Technology,Printer,2,2209.98,4419.96,1100.66
2024-04-19,CUST0115,Mumbai,Office Supplies,Paper,2,1706.81,3413.62,372.52
2024-04-21,CUST0091,Mumbai,Furniture,Sofa,6,2290.94,13745.64,2685.39
2024-06-22,CUST0132,Kolkata,Office Supplies,Paper,2,3388.8,6777.6,889.51
2024-02-02,CUST0113,Chennai,Furniture,Chair,3,4258.48,12775.44,2371.35
2024-02-09,CUST0009,Mumbai,Furniture,Table,6,1874.54,11247.24,2698.14
2024-05-15,CUST0147,Bangalore,Technology,Printer,6,1922.87,11537.22,2337.64
2024-02-17,CUST0030,Chennai,Office Supplies,Stapler,6,3282.85,19697.1,1968.18
2024-02-24,CUST0181,Delhi,Office Supplies,Stapler,9,677.03,6093.27,1249.08
2024-02-14,CUST0019,Delhi,Technology,Monitor,8,1080.87,8646.96,667.08
2024-03-29,CUST0082,Kolkata,Technology,Printer,2,4071.51,8143.02,1982.93
2024-06-28,CUST0041,Kolkata,Technology,Laptop,9,2756.64,24809.76,5663.23
2024-03-01,CUST0052,Bangalore,Technology,Headphones,6,2592.9,15557.4,1155.49
2024-06-05,CUST0142,Bangalore,Office Supplies,Paper,6,2814.71,16888.26,2090.47
2024-04-15,CUST0123,Mumbai,Furniture,Chair,5,2050.98,10254.9,1983.16
2024-06-23,CUST0116,Delhi,Office Supplies,Paper,3,4864.66,14593.98,2604.55
2024-02-16,CUST0164,Mumbai,Technology,Monitor,3,4402.0,13206.0,2721.13
2024-02-09,CUST0032,Mumbai,Furniture,Sofa,9,4562.49,41062.41,2508.2
2024-03-13,CUST0089,Mumbai,Office Supplies,Pen,3,1681.04,5043.12,967.61
2024-03-18,CUST0033,Kolkata,Furniture,Bookshelf,4,3211.78,12847.12,2057.7
2024-02-13,CUST0149,Bangalore,Technology,Laptop,9,3240.84,29167.56,4910.7
2024-06-13,CUST0021,Chennai,Technology,Monitor,10,301.85,3018.5,672.39
2024-05-07,CUST0164,Chennai,Technology,Monitor,4,3858.1,15432.4,2057.41
2024-03-17,CUST0176,Delhi,Technology,Monitor,5,2466.43,12332.15,2601.31
2024-03-28,CUST0119,Bangalore,Office Supplies,Paper,1,874.59,874.59,116.43
2024-02-03,CUST0089,Delhi,Technology,Headphones,6,4321.28,25927.68,2952.21
2024-02-06,CUST0116,Bangalore,Office Supplies,Paper,6,1284.52,7707.12,574.21
2024-02-10,CUST0108,Bangalore,Furniture,Chair,5,4732.39,23661.95,5272.66
2024-05-07,CUST0132,Delhi,Office Supplies,Notebook,4,3839.29,15357.16,2298.25
2024-02-25,CUST0118,Bangalore,Office Supplies,Stapler,1,541.24,541.24,69.63
2024-04-30,CUST0168,Kolkata,Technology,Monitor,1,347.65,347.65,51.79
2024-04-13,CUST0187,Hyderabad,Office Supplies,Paper,2,2211.55,4423.1,1001.79
2024-03-14,CUST0093,Mumbai,Office Supplies,Paper,7,350.67,2454.69,398.55
2024-06-05,CUST0160,Kolkata,Furniture,Sofa,9,2306.74,20760.66,3321.11
2024-04-03,CUST0087,Mumbai,Furniture,Table,2,2030.13,4060.26,848.51
2024-02-05,CUST0012,Chennai,Furniture,Table,10,2594.7,25947.0,3892.45
2024-03-24,CUST0132,Bangalore,Technology,Monitor,8,2644.73,21157.84,1688.14
2024-03-27,CUST0077,Mumbai,Technology,Monitor,3,2025.48,6076.44,1053.05
2024-06-21,CUST0095,Hyderabad,Technology,Printer,10,1568.97,15689.7,3344.26
2024-01-07,CUST0177,Kolkata,Furniture,Sofa,10,1607.62,16076.2,3693.56
2024-05-27,CUST0199,Mumbai,Technology,Printer,5,4838.65,24193.25,4997.86
2024-04-07,CUST0185,Mumbai,Furniture,Chair,10,2454.2,24542.0,3800.24
2024-04-22,CUST0049,Chennai,Furniture,Table,1,2905.59,2905.59,552.36
2024-04-30,CUST0129,Mumbai,Office Supplies,Stapler,3,2123.5,6370.5,578.3
2024-05-14,CUST0170,Delhi,Technology,Laptop,3,2641.55,7924.65,1285.2
2024-06-22,CUST0140,Hyderabad,Office Supplies,Notebook,3,2352.35,7057.05,1105.31
2024-03-17,CUST0072,Mumbai,Technology,Monitor,10,2472.48,24724.8,5970.24
2024-05-02,CUST0126,Hyderabad,Furniture,Bookshelf,5,3554.01,17770.05,3341.62
2024-03-29,CUST0098,Delhi,Office Supplies,Notebook,5,697.18,3485.9,646.02
2024-06-16,CUST0089,Delhi,Furniture,Bookshelf,1,1509.39,1509.39,291.05
2024-03-10,CUST0144,Kolkata,Office Supplies,Stapler,4,1090.13,4360.52,687.72
2024-05-15,CUST0013,Kolkata,Furniture,Chair,10,3730.37,37303.7,3650.41
2024-06-23,CUST0121,Chennai,Furniture,Table,1,590.97,590.97,68.59
2024-05-02,CUST0168,Delhi,Furniture,Chair,9,4891.76,44025.84,3591.99
2024-06-15,CUST0197,Chennai,Technology,Headphones,5,1673.72,8368.6,1499.48
2024-04-16,CUST0010,Bangalore,Technology,Headphones,9,3719.56,33476.04,7366.96
2024-01-10,CUST0192,Hyderabad,Furniture,Chair,7,3961.01,27727.07,2419.53
2024-04-26,CUST0086,Hyderabad,Furniture,Bookshelf,10,3053.64,30536.4,7197.15
2024-03-25,CUST0050,Chennai,Technology,Printer,3,4270.19,12810.57,1839.65
2024-05-25,CUST0087,Hyderabad,Furniture,Sofa,5,3621.13,18105.65,956.28
2024-05-11,CUST0104,Delhi,Technology,Headphones,3,3093.68,9281.04,1649.66
2024-03-23,CUST0036,Delhi,Office Supplies,Paper,7,3379.35,23655.45,2056.99
2024-03-18,CUST0069,Hyderabad,Furniture,Chair,5,1979.51,9897.55,1379.19
2024-01-31,CUST0016,Kolkata,Technology,Laptop,5,3303.05,16515.25,3114.01
2024-06-25,CUST0181,Hyderabad,Office Supplies,Notebook,3,2086.54,6259.62,942.1
2024-02-09,CUST0035,Delhi,Furniture,Bookshelf,6,3111.66,18669.96,1751.72
2024-06-19,CUST0194,Mumbai,Office Supplies,Notebook,7,3539.51,24776.57,5762.02
2024-06-29,CUST0115,Mumbai,Furniture,Table,10,4378.36,43783.6,2906.1
2024-05-26,CUST0130,Bangalore,Office Supplies,Paper,10,649.82,6498.2,1402.02
2024-02-22,CUST0030,Kolkata,Technology,Headphones,3,1707.78,5123.34,789.34
2024-02-03,CUST0015,Delhi,Technology,Printer,2,4504.56,9009.12,1253.14
2024-01-06,CUST0173,Hyderabad,Technology,Printer,8,2863.16,22905.28,3705.15
2024-03-29,CUST0012,Delhi,Office Supplies,Notebook,1,3754.44,3754.44,621.97
2024-01-09,CUST0018,Delhi,Technology,Laptop,9,4971.21,44740.89,10599.86
2024-04-17,CUST0187,Kolkata,Office Supplies,Stapler,3,3867.96,11603.88,2357.51
2024-06-23,CUST0097,Chennai,Office Supplies,Stapler,8,4361.14,34889.12,8071.72
2024-02-02,CUST0101,Mumbai,Technology,Headphones,6,681.3,4087.8,1016.1
2024-05-19,CUST0119,Kolkata,Technology,Headphones,1,3805.28,3805.28,934.95
2024-01-29,CUST0071,Bangalore,Office Supplies,Stapler,4,1312.81,5251.24,626.12
2024-02-22,CUST0005,Bangalore,Furniture,Sofa,10,3853.66,38536.6,8738.23
2024-03-03,CUST0181,Chennai,Furniture,Chair,10,264.52,2645.2,448.51
2024-02-05,CUST0194,Chennai,Technology,Laptop,7,2250.92,15756.44,2488.76
2024-06-02,CUST0082,Mumbai,Technology,Monitor,4,4097.35,16389.4,3217.3
2024-02-26,CUST0170,Mumbai,Technology,Monitor,4,1578.65,6314.6,496.66
2024-06-09,CUST0189,Bangalore,Office Supplies,Notebook,5,398.69,1993.45,477.84
2024-04-07,CUST0165,Kolkata,Technology,Printer,9,2528.54,22756.86,5563.1
2024-05-01,CUST0048,Mumbai,Technology,Monitor,7,2100.47,14703.29,1617.03
2024-05-23,CUST0119,Chennai,Furniture,Table,5,4301.95,21509.75,1696.48
2024-03-25,CUST0066,Bangalore,Office Supplies,Stapler,9,2696.96,24272.64,3099.22
2024-01-14,CUST0186,Bangalore,Technology,Laptop,8,4250.95,34007.6,2329.28
2024-06-20,CUST0049,Mumbai,Office Supplies,Stapler,10,3054.32,30543.2,6863.79
2024-02-24,CUST0078,Chennai,Technology,Headphones,8,1123.56,8988.48,2079.99
2024-04-11,CUST0181,Bangalore,Furniture,Chair,8,4580.76,36646.08,6930.7
2024-03-07,CUST0092,Hyderabad,Furniture,Bookshelf,5,1965.24,9826.2,1540.06
2024-02-22,CUST0121,Hyderabad,Office Supplies,Stapler,8,583.18,4665.44,1148.93
2024-01-05,CUST0190,Bangalore,Office Supplies,Notebook,7,324.01,2268.07,505.36
2024-03-03,CUST0098,Mumbai,Office Supplies,Stapler,5,846.82,4234.1,491.04
2024-05-05,CUST0186,Kolkata,Office Supplies,Notebook,5,3840.47,19202.35,2836.65
2024-05-18,CUST0126,Bangalore,Office Supplies,Pen,6,929.4,5576.4,1082.17
2024-01-02,CUST0172,Chennai,Technology,Laptop,9,265.74,2391.66,524.59
2024-04-26,CUST0056,Mumbai,Office Supplies,Pen,4,433.04,1732.16,138.93
2024-05-04,CUST0124,Kolkata,Office Supplies,Paper,10,3224.87,32248.7,7635.87
2024-03-11,CUST0136,Kolkata,Furniture,Chair,9,2803.05,25227.45,1321.17
2024-01-28,CUST0111,Bangalore,Technology,Monitor,1,2560.86,2560.86,485.47
2024-04-11,CUST0091,Hyderabad,Furniture,Table,4,1040.47,4161.88,646.3
2024-03-17,CUST0179,Bangalore,Furniture,Bookshelf,7,2349.09,16443.63,1622.03
2024-01-15,CUST0142,Delhi,Technology,Laptop,1,558.15,558.15,70.24
2024-05-24,CUST0166,Hyderabad,Technology,Laptop,3,505.16,1515.48,331.99
2024-03-10,CUST0146,Delhi,Furniture,Chair,4,1135.94,4543.76,1016.09
2024-03-21,CUST0009,Bangalore,Furniture,Chair,5,4506.63,22533.15,3666.19
2024-03-17,CUST0102,Chennai,Furniture,Table,10,806.54,8065.4,1727.11
2024-04-08,CUST0139,Hyderabad,Furniture,Table,10,4189.79,41897.9,5355.86
2024-04-21,CUST0014,Chennai,Technology,Headphones,2,2553.88,5107.76,1250.71
2024-03-24,CUST0153,Delhi,Furniture,Chair,6,3065.33,18391.98,3177.64
2024-02-17,CUST0097,Delhi,Furniture,Bookshelf,8,2503.96,20031.68,2427.08
2024-01-19,CUST0064,Kolkata,Technology,Printer,2,3883.62,7767.24,847.22
2024-04-09,CUST0040,Kolkata,Furniture,Bookshelf,3,1962.0,5886.0,1217.1
2024-03-10,CUST0114,Hyderabad,Office Supplies,Notebook,2,548.45,1096.9,261.71
2024-04-14,CUST0143,Mumbai,Furniture,Table,2,1018.22,2036.44,284.63
2024-04-08,CUST0154,Hyderabad,Furniture,Chair,2,1834.18,3668.36,251.7
2024-05-26,CUST0144,Bangalore,Furniture,Bookshelf,7,2000.22,14001.54,937.26
2024-02-07,CUST0069,Delhi,Technology,Headphones,7,930.56,6513.92,676.04
2024-03-05,CUST0020,Hyderabad,Furniture,Table,7,1452.21,10165.47,1117.7
2024-01-02,CUST0035,Hyderabad,Furniture,Sofa,10,3121.68,31216.8,4419.44
2024-04-20,CUST0113,Hyderabad,Office Supplies,Notebook,10,1961.46,19614.6,4363.06
2024-03-21,CUST0052,Delhi,Technology,Headphones,5,1671.26,8356.3,2000.96
2024-03-03,CUST0126,Mumbai,Furniture,Sofa,6,1528.1,9168.6,1732.79
2024-02-21,CUST0030,Mumbai,Office Supplies,Stapler,5,4100.82,20504.1,2636.56
2024-04-22,CUST0182,Bangalore,Technology,Headphones,9,231.89,2087.01,407.89
2024-03-05,CUST0078,Bangalore,Office Supplies,Paper,7,3397.59,23783.13,1851.18
2024-05-29,CUST0154,Delhi,Technology,Headphones,7,3966.48,27765.36,1799.0
2024-06-01,CUST0180,Mumbai,Office Supplies,Stapler,9,280.15,2521.35,614.42
2024-06-14,CUST0091,Bangalore,Technology,Laptop,2,3867.87,7735.74,1404.19
2024-04-20,CUST0103,Hyderabad,Technology,Laptop,10,4919.68,49196.8,9125.73
2024-05-28,CUST0133,Mumbai,Furniture,Chair,2,1367.82,2735.64,416.19
2024-06-25,CUST0174,Mumbai,Technology,Headphones,8,1933.19,15465.52,2205.58
2024-01-22,CUST0076,Delhi,Technology,Headphones,6,4988.74,29932.44,4386.73
2024-05-03,CUST0053,Mumbai,Furniture,Table,6,1628.26,9769.56,1378.16
2024-03-17,CUST0082,Chennai,Office Supplies,Stapler,2,2247.01,4494.02,850.95
2024-03-03,CUST0174,Bangalore,Furniture,Chair,1,4260.98,4260.98,765.25
2024-04-13,CUST0119,Bangalore,Technology,Headphones,9,884.66,7961.94,1289.59
2024-06-06,CUST0008,Kolkata,Technology,Headphones,3,3238.35,9715.05,1325.39
2024-03-12,CUST0055,Bangalore,Furniture,Sofa,10,2204.81,22048.1,1122.03
2024-03-24,CUST0048,Hyderabad,Technology,Laptop,10,598.59,5985.9,1343.21
2024-03-21,CUST0136,Kolkata,Furniture,Sofa,2,1385.53,2771.06,616.64
2024-06-07,CUST0091,Delhi,Technology,Printer,10,2023.47,20234.7,1474.03
2024-03-02,CUST0081,Chennai,Furniture,Bookshelf,10,2991.82,29918.2,5517.57
2024-06-01,CUST0100,Delhi,Office Supplies,Paper,3,1929.2,5787.6,453.01
2024-02-14,CUST0178,Kolkata,Furniture,Sofa,7,1010.19,7071.33,1252.33
2024-01-14,CUST0116,Mumbai,Technology,Headphones,8,1515.29,12122.32,1059.73
2024-06-16,CUST0144,Mumbai,Office Supplies,Paper,8,769.02,6152.16,1310.68
2024-01-22,CUST0126,Bangalore,Office Supplies,Stapler,8,2136.59,17092.72,3725.84
2024-02-13,CUST0138,Hyderabad,Technology,Laptop,4,1531.24,6124.96,642.94
2024-04-03,CUST0069,Mumbai,Office Supplies,Stapler,9,2602.95,23426.55,3854.67
2024-06-16,CUST0027,Kolkata,Technology,Laptop,8,2777.13,22217.04,5508.83
2024-01-31,CUST0023,Delhi,Furniture,Bookshelf,1,2303.69,2303.69,275.79
2024-04-19,CUST0157,Kolkata,Furniture,Table,10,3476.75,34767.5,7725.68
2024-05-16,CUST0146,Hyderabad,Furniture,Table,4,4086.3,16345.2,3450.28
2024-05-11,CUST0147,Hyderabad,Office Supplies,Pen,6,4897.1,29382.6,3188.8
2024-06-16,CUST0016,Hyderabad,Technology,Laptop,3,4817.58,14452.74,2993.71
2024-04-10,CUST0064,Kolkata,Furniture,Table,4,816.59,3266.36,373.73
2024-01-20,CUST0097,Delhi,Office Supplies,Pen,10,3198.77,31987.7,5615.84
2024-05-04,CUST0095,Delhi,Technology,Laptop,7,2626.51,18385.57,1942.35
2024-04-01,CUST0171,Kolkata,Office Supplies,Paper,2,3681.57,7363.14,1043.28
2024-03-23,CUST0127,Hyderabad,Furniture,Sofa,4,4843.83,19375.32,4165.1
2024-06-23,CUST0125,Hyderabad,Office Supplies,Notebook,9,2931.87,26386.83,4307.08
2024-02-10,CUST0005,Chennai,Furniture,Chair,2,3168.28,6336.56,1377.19
2024-06-15,CUST0177,Bangalore,Office Supplies,Stapler,1,4960.01,4960.01,672.38
2024-06-19,CUST0022,Hyderabad,Office Supplies,Pen,5,557.37,2786.85,340.24
2024-04-19,CUST0180,Bangalore,Technology,Headphones,1,2042.07,2042.07,226.88
2024-02-27,CUST0034,Mumbai,Technology,Laptop,2,105.32,210.64,30.62
2024-06-26,CUST0031,Delhi,Technology,Printer,1,139.51,139.51,16.56
2024-03-21,CUST0027,Chennai,Furniture,Sofa,2,1221.84,2443.68,165.84
2024-06-22,CUST0035,Kolkata,Office Supplies,Notebook,3,1975.33,5925.99,1260.3
2024-03-30,CUST0043,Delhi,Furniture,Chair,9,2860.13,25741.17,4429.12
2024-01-23,CUST0114,Bangalore,Technology,Headphones,3,4607.48,13822.44,2394.26
2024-02-05,CUST0110,Hyderabad,Furniture,Table,2,2988.91,5977.82,758.03
2024-03-13,CUST0185,Mumbai,Furniture,Bookshelf,2,1316.02,2632.04,447.97
2024-04-10,CUST0049,Kolkata,Technology,Laptop,5,1106.68,5533.4,948.34
2024-06-01,CUST0128,Kolkata,Office Supplies,Paper,4,2524.95,10099.8,732.73
2024-04-03,CUST0146,Delhi,Furniture,Chair,6,4676.23,28057.38,2143.49
2024-01-18,CUST0005,Mumbai,Technology,Headphones,8,4776.82,38214.56,7798.58
2024-03-14,CUST0102,Mumbai,Furniture,Bookshelf,4,295.15,1180.6,73.31
2024-06-06,CUST0138,Mumbai,Technology,Printer,7,3538.87,24772.09,1646.99
2024-05-17,CUST0053,Bangalore,Furniture,Bookshelf,2,1618.54,3237.08,492.88
2024-01-17,CUST0175,Kolkata,Office Supplies,Stapler,10,3208.04,32080.4,6958.41
2024-04-26,CUST0112,Chennai,Office Supplies,Stapler,4,383.74,1534.96,103.21
2024-01-04,CUST0045,Chennai,Technology,Laptop,5,3363.79,16818.95,3054.5
2024-03-07,CUST0134,Mumbai,Technology,Headphones,1,902.78,902.78,217.21
2024-01-08,CUST0188,Chennai,Furniture,Bookshelf,3,3773.9,11321.7,2543.9
2024-01-20,CUST0148,Kolkata,Office Supplies,Stapler,5,2666.89,13334.45,1367.98
2024-04-04,CUST0146,Bangalore,Office Supplies,Stapler,9,1864.61,16781.49,2515.91
2024-05-10,CUST0030,Bangalore,Furniture,Bookshelf,2,4481.92,8963.84,1656.73
2024-02-15,CUST0099,Bangalore,Furniture,Chair,1,1298.3,1298.3,187.41
2024-03-10,CUST0185,Hyderabad,Furniture,Sofa,4,1676.83,6707.32,893.76
2024-05-12,CUST0046,Bangalore,Furniture,Bookshelf,2,2560.0,5120.0,1179.59
2024-03-24,CUST0199,Hyderabad,Furniture,Sofa,2,4397.26,8794.52,1962.99
2024-06-08,CUST0078,Kolkata,Furniture,Sofa,1,1907.7,1907.7,206.64
2024-05-19,CUST0198,Bangalore,Furniture,Sofa,6,2999.29,17995.74,2675.47
2024-06-11,CUST0139,Hyderabad,Furniture,Table,1,4668.75,4668.75,255.76
2024-03-19,CUST0189,Kolkata,Technology,Laptop,6,107.16,642.96,116.67
2024-03-12,CUST0016,Bangalore,Furniture,Table,9,4917.27,44255.43,5928.6
2024-04-27,CUST0180,Hyderabad,Furniture,Chair,4,4496.71,17986.84,2769.11
2024-05-31,CUST0101,Chennai,Technology,Laptop,10,568.33,5683.3,435.92
2024-03-21,CUST0075,Hyderabad,Technology,Laptop,7,3345.98,23421.86,1783.38
2024-05-29,CUST0052,Bangalore,Office Supplies,Notebook,6,2318.51,13911.06,1345.51
2024-05-17,CUST0105,Chennai,Furniture,Table,2,905.44,1810.88,259.34
2024-02-10,CUST0031,Chennai,Office Supplies,Pen,8,1610.71,12885.68,1327.25
2024-01-24,CUST0084,Bangalore,Technology,Monitor,10,297.62,2976.2,646.39
2024-02-14,CUST0077,Hyderabad,Technology,Headphones,6,2041.6,12249.6,732.41
2024-01-27,CUST0025,Delhi,Furniture,Sofa,8,2824.17,22593.36,3615.48
2024-02-20,CUST0057,Bangalore,Furniture,Chair,1,402.18,402.18,82.93
2024-01-17,CUST0020,Chennai,Office Supplies,Notebook,2,2953.39,5906.78,601.1
2024-01-11,CUST0085,Chennai,Furniture,Sofa,3,550.7,1652.1,362.56
2024-05-07,CUST0186,Delhi,Office Supplies,Paper,3,4628.25,13884.75,1897.09
2024-03-12,CUST0048,Hyderabad,Furniture,Sofa,7,946.76,6627.32,615.96
2024-05-07,CUST0166,Hyderabad,Office Supplies,Pen,1,3109.12,3109.12,539.11
2024-06-13,CUST0108,Bangalore,Office Supplies,Stapler,1,529.84,529.84,67.08
2024-05-02,CUST0183,Hyderabad,Technology,Headphones,9,3994.75,35952.75,8911.99
2024-02-16,CUST0100,Hyderabad,Technology,Printer,6,4572.12,27432.72,4128.04
2024-01-15,CUST0200,Hyderabad,Furniture,Bookshelf,10,1173.2,11732.0,2688.42
2024-06-17,CUST0026,Bangalore,Office Supplies,Notebook,10,4998.07,49980.7,12235.07
2024-05-27,CUST0015,Bangalore,Furniture,Bookshelf,9,4099.8,36898.2,8613.95
2024-04-01,CUST0189,Kolkata,Office Supplies,Notebook,3,962.89,2888.67,486.75
2024-05-06,CUST0145,Bangalore,Technology,Laptop,6,4743.04,28458.24,4630.76
2024-02-26,CUST0060,Mumbai,Technology,Monitor,3,2503.14,7509.42,511.03
2024-02-15,CUST0034,Hyderabad,Furniture,Sofa,1,1725.5,1725.5,298.21
2024-05-14,CUST0037,Chennai,Office Supplies,Paper,1,823.79,823.79,157.29
2024-03-27,CUST0151,Chennai,Office Supplies,Paper,6,3552.24,21313.44,3888.17
2024-05-04,CUST0112,Kolkata,Office Supplies,Notebook,3,4881.72,14645.16,2877.34
2024-02-27,CUST0158,Hyderabad,Technology,Monitor,3,3565.2,10695.6,1736.92
2024-01-01,CUST0033,Bangalore,Technology,Headphones,7,1603.43,11224.01,2106.74
2024-06-12,CUST0157,Bangalore,Technology,Printer,10,258.68,2586.8,440.99
2024-03-22,CUST0061,Hyderabad,Technology,Laptop,8,789.15,6313.2,1256.76
2024-01-18,CUST0064,Kolkata,Furniture,Chair,6,2288.49,13730.94,1414.87
2024-04-17,CUST0113,Kolkata,Office Supplies,Notebook,2,3630.03,7260.06,432.91
2024-05-02,CUST0097,Chennai,Furniture,Sofa,8,4420.68,35365.44,4252.56
2024-01-06,CUST0009,Hyderabad,Technology,Headphones,3,2311.31,6933.93,1455.01
2024-01-20,CUST0097,Bangalore,Office Supplies,Notebook,2,463.58,927.16,77.9
2024-01-08,CUST0124,Kolkata,Technology,Laptop,6,3010.75,18064.5,3120.26
2024-02-22,CUST0026,Hyderabad,Office Supplies,Pen,10,4459.79,44597.9,3631.19
2024-03-13,CUST0068,Kolkata,Furniture,Sofa,9,3637.99,32741.91,6417.24
2024-01-14,CUST0126,Bangalore,Office Supplies,Pen,2,343.21,686.42,112.82
2024-05-02,CUST0161,Mumbai,Office Supplies,Paper,7,529.38,3705.66,795.9
2024-01-30,CUST0021,Delhi,Furniture,Chair,1,1114.07,1114.07,197.9
2024-05-19,CUST0024,Kolkata,Office Supplies,Stapler,8,2496.57,19972.56,3639.16
2024-03-08,CUST0115,Chennai,Office Supplies,Pen,6,4438.91,26633.46,3299.36
2024-06-27,CUST0016,Bangalore,Office Supplies,Stapler,5,1208.59,6042.95,626.73
2024-02-28,CUST0106,Mumbai,Technology,Laptop,2,3373.89,6747.78,1428.07
2024-05-01,CUST0138,Kolkata,Technology,Laptop,7,4110.19,28771.33,3847.49
2024-05-08,CUST0183,Chennai,Technology,Headphones,8,1564.38,12515.04,1613.95
2024-02-19,CUST0043,Bangalore,Technology,Headphones,2,4751.35,9502.7,1328.55
2024-02-07,CUST0052,Kolkata,Furniture,Chair,7,484.01,3388.07,632.3
2024-04-09,CUST0018,Chennai,Technology,Monitor,6,4562.94,27377.64,6374.47
2024-06-28,CUST0118,Chennai,Technology,Printer,9,1698.02,15282.18,1608.3
2024-01-26,CUST0151,Mumbai,Technology,Printer,2,2130.77,4261.54,339.39
2024-04-08,CUST0106,Hyderabad,Furniture,Chair,5,4350.63,21753.15,4916.8
2024-02-06,CUST0071,Delhi,Technology,Printer,10,3083.91,30839.1,1773.04
2024-01-13,CUST0177,Bangalore,Technology,Printer,1,2039.38,2039.38,460.47
2024-03-12,CUST0078,Hyderabad,Technology,Printer,5,4495.45,22477.25,1214.82
2024-03-09,CUST0114,Hyderabad,Office Supplies,Paper,4,758.49,3033.96,742.85
2024-05-04,CUST0055,Delhi,Technology,Printer,10,3263.22,32632.2,2858.16
2024-05-09,CUST0080,Kolkata,Technology,Monitor,1,2624.82,2624.82,214.7
2024-01-15,CUST0050,Bangalore,Office Supplies,Pen,9,4408.73,39678.57,2213.65
2024-04-04,CUST0051,Hyderabad,Furniture,Chair,8,347.74,2781.92,339.6
2024-04-24,CUST0126,Mumbai,Office Supplies,Stapler,2,3437.75,6875.5,676.46
2024-06-25,CUST0067,Kolkata,Furniture,Sofa,10,2801.54,28015.4,3329.62
2024-02-26,CUST0147,Bangalore,Furniture,Bookshelf,1,1994.17,1994.17,164.68
2024-01-03,CUST0006,Kolkata,Technology,Headphones,4,1418.51,5674.04,748.41
2024-03-19,CUST0065,Mumbai,Office Supplies,Pen,3,3045.6,9136.8,472.31
2024-02-25,CUST0118,Hyderabad,Technology,Monitor,7,4487.87,31415.09,6921.29
2024-05-10,CUST0027,Chennai,Office Supplies,Notebook,9,4139.12,37252.08,4821.56
2024-01-28,CUST0077,Kolkata,Technology,Monitor,9,3271.98,29447.82,5059.43
2024-06-16,CUST0071,Hyderabad,Office Supplies,Paper,6,4942.97,29657.82,5282.62
2024-04-13,CUST0015,Mumbai,Technology,Monitor,4,834.65,3338.6,678.05
